<?xml version="1.0" encoding="UTF-8"?>
<beans xmlns="http://www.springframework.org/schema/beans"
	xmlns:xsi="http://www.w3.org/2001/XMLSchema-instance"
	xmlns:jdbc="http://www.springframework.org/schema/jdbc"
	xmlns:context="http://www.springframework.org/schema/context"
	xmlns:mvc="http://www.springframework.org/schema/mvc"
	xsi:schemaLocation="http://www.springframework.org/schema/jdbc http://www.springframework.org/schema/jdbc/spring-jdbc-4.3.xsd
		http://www.springframework.org/schema/mvc http://www.springframework.org/schema/mvc/spring-mvc-4.3.xsd
		http://www.springframework.org/schema/beans http://www.springframework.org/schema/beans/spring-beans.xsd
		http://www.springframework.org/schema/context http://www.springframework.org/schema/context/spring-context-4.3.xsd">
		
	
	<bean class="org.apache.commons.dbcp.BasicDataSource" 
		  id="dataSource"
		  destroy-method = "close">
	<property name="driverClassName"
			  value ="oracle.jdbc.driver.OracleDriver"/>
	<property name="url" value="jdbc:oracle:thin:@Localhost:1521:orcl"/>
	<property name="username" value="hr"/>
	<property name="password" value="1234"/>
	</bean>
	
	<bean class="org.mybatis.spring.SqlSessionFactoryBean"
		  id="sqlSession">
	<property name="dataSource" ref="dataSource" />
	<property name="mapperLocations"
		      value="classpath:/mappers/*mapper.xml" />
	</bean>
	
	
	<bean class="org.mybatis.spring.SqlSessionTemplate">
		<constructor-arg index="0" ref="sqlSession" />
	</bean>
	
	
</beans>
